BIOCHEMICAL,SUPERPATH,SUBPATH,KEGG,RH127O_1,RH127O_2,RH127O_3,RH127O_4,RH127O_5,PLT_32B_1,PLT_32B_2,PLT_32B_3,PLT_32B_4,PLT_32B_5,VPI_1,VPI_2,VPI_3,VPI_4,SMC7758_1,SMC7758_2,SMC7758_3,SMC7758_4,SMC7758_5,MEM_1,MEM_2,MEM_3,MEM_4,MEM_5
1-carboxyethylisoleucine,Amino Acid,"Leucine, Isoleucine and Valine Metabolism",,0.5256,0.5256,0.5256,0.5256,0.5256,0.5256,0.5256,0.5256,0.5256,0.5256,0.5256,0.5256,0.5256,0.5256,1,0.695,0.7642,1.1651,1.1481,0.5256,0.5256,0.5256,0.5256,0.5256
1-carboxyethylleucine,Amino Acid,"Leucine, Isoleucine and Valine Metabolism",,0.3539,0.3539,0.3539,0.3539,0.3539,0.3539,0.3539,0.3539,0.3539,0.3539,0.3539,0.3539,0.3539,0.3539,0.9651,0.7923,1.2159,1.0392,1,0.3539,0.3539,0.3539,0.3539,0.3539
1-carboxyethylphenylalanine,Amino Acid,Phenylalanine Metabolism,,0.4804,0.4804,0.4804,0.4804,0.4804,0.4804,0.4804,0.4804,0.4804,0.4804,0.4804,0.4804,0.5289,0.5925,1.2621,0.9025,1.1451,1,1.1294,0.4804,0.4804,0.4804,0.4804,0.4804
1-carboxyethylvaline,Amino Acid,"Leucine, Isoleucine and Valine Metabolism",,0.4331,0.4331,0.4331,0.4331,0.4331,0.4331,1,0.4331,0.4331,0.8913,0.7702,1.0053,1.7152,1.0502,2.5918,1.4786,2.1359,3.1948,1.8284,0.4331,0.5702,0.4331,0.4331,0.4331
1-methyl-5-imidazoleacetate,Amino Acid,Histidine Metabolism,,0.5259,0.4854,0.3233,0.4951,0.5873,0.6714,0.5336,0.7366,1.0717,1.0973,0.248,0.6691,0.1405,0.4929,0.1405,0.1405,0.1405,0.1405,0.1405,0.1405,0.1405,0.1405,0.1405,0.1405
2'-deoxyadenosine,Nucleotide,"Purine Metabolism, Adenine containing",C00559,1.2954,5.0509,1.2652,1.1313,0.9886,1.168,1.9451,1.7244,1.6254,1.1154,2.3654,2.5345,4.8616,2.6636,6.2591,2.9996,7.338,7.075,5.9734,0.1236,0.1236,0.1236,0.1236,0.1236
"2,3-dihydroxy-2-methylbutyrate",Amino Acid,"Leucine, Isoleucine and Valine Metabolism",,1.1416,0.098,0.098,1.8849,1.5977,1.5057,1,1.5707,1.275,2.5182,1.1121,1.1925,0.6824,1.4805,1.2007,1.2757,0.8584,0.9169,1.0476,0.098,0.098,0.098,0.098,0.098
"2,3-dihydroxyisovalerate",Xenobiotics,Food Component/Plant,C04039,0.9327,0.3564,0.5887,1.094,1.1562,0.8903,1.1938,1.2636,0.9832,1.3215,1.3044,2.5395,2.056,2.0379,1.1093,2.9275,1.2943,1.2786,1.3134,0.175,0.175,0.175,0.175,0.175
2-hydroxy-3-methylvalerate,Amino Acid,"Leucine, Isoleucine and Valine Metabolism",,0.3805,0.4117,0.2863,0.4163,0.3048,0.2172,0.244,0.8796,0.6641,0.8873,2.4013,2.2917,2.4225,3.3161,1.2427,0.4908,1.5551,2.0127,1.0297,0.1491,0.1491,0.1491,0.1491,0.1491
2-hydroxy-4-(methylthio)butanoic acid,Amino Acid,"Methionine, Cysteine, SAM and Taurine Metabolism",,0.934,0.6408,0.4995,0.6185,0.5576,0.5541,0.6608,2.3026,2.4159,2.1091,1.1215,1.7624,1.4042,1.7114,1.2435,0.7548,1.7169,1.7961,1.3841,0.0697,0.0697,0.0697,0.0697,0.0697
2-hydroxybutyrate/2-hydroxyisobutyrate,Amino Acid,Glutathione Metabolism,"C21297,C05984",1.0694,1.0653,1.1699,3.2189,1.1973,5.5443,12.1806,2.1675,1.2999,1.2081,0.2339,1.005,0.8936,0.7107,1.4139,1.287,2.0455,1.6896,1.9386,0.2339,0.2339,0.5245,0.2339,0.2339
2-hydroxyglutarate,Lipid,"Fatty Acid, Dicarboxylate",C02630,2.4641,1.574,1.3662,4.3248,1.6758,1.5961,1.7101,3.7537,2.8966,4.2908,3.9818,4.6024,2.93,6.6404,1.73,0.8132,2.0647,2.0959,1.4358,0.0751,0.0751,0.0751,0.0751,0.0751
2-isopropylmalate,Xenobiotics,Food Component/Plant,C02504,0.2499,0.2499,0.2499,0.2499,0.6301,0.2499,1.1612,1.3959,0.702,1.383,0.5788,0.2499,0.2499,0.5505,1.0607,0.2499,1.4068,0.8499,0.8121,0.2499,0.2499,0.2499,0.2499,0.2499
2-keto-3-deoxy-gluconate,Xenobiotics,Food Component/Plant,C00204,0.2188,0.4852,0.2188,0.5402,0.5601,0.5318,0.2188,0.6945,1,0.6962,0.7831,1.5159,3.7884,1.947,5.8692,2.1795,7.8889,6.5714,6.2521,0.2188,0.2188,0.2188,0.2188,0.2188
2-methylcitrate/homocitrate,Energy,TCA Cycle,C01251,0.2406,0.2406,0.2406,0.2714,0.2406,0.2882,0.4067,0.2406,0.2406,0.3392,1.8081,3.2994,2.1652,3.6048,2.5003,0.7778,3.5115,2.4879,2.6662,0.2406,0.2406,0.2406,0.2406,0.2406
2-oxoarginine*,Amino Acid,Urea cycle; Arginine and Proline Metabolism,C03771,0.6785,0.5349,0.463,0.774,0.4541,0.6086,0.7943,1.507,0.8767,1.155,0.8427,1.3446,0.9369,1.2742,1.5303,1.3837,1.4909,1.6358,1.6245,0.3186,0.2668,0.3286,0.2627,0.304
2-piperidinone,Xenobiotics,Food Component/Plant,,0.8,1.1276,1.0716,0.6439,0.8919,1.1135,0.7175,1.2361,0.9656,0.8631,0.7789,1.4909,1.1326,1.184,1.4604,1,1.9019,2.0327,2.1833,0.6425,0.7204,0.5614,1.3669,1.178
2-pyrrolidinone,Amino Acid,Glutamate Metabolism,,0.4895,0.3914,0.5622,1.5381,1.3194,0.4031,0.3914,1.1973,0.8545,0.6489,1.655,1.3493,0.4236,1.2332,1.061,1.0279,1.0083,0.9741,1.4052,0.9945,0.728,0.7411,1.6786,0.9987
"2R,3R-dihydroxybutyrate",Lipid,"Fatty Acid, Dihydroxy",,1.2575,0.4499,0.7573,1.2876,0.9993,0.904,1.4995,1.8246,1.7911,3.4696,1.9565,2.1763,1.5368,2.0245,1.7077,0.7516,1.574,1.9637,0.9726,0.4499,0.4499,0.4499,0.4499,0.4499
"2S,3R-dihydroxybutyrate",Lipid,"Fatty Acid, Dihydroxy",,0.5304,0.6648,0.5304,0.5304,0.5304,0.5304,1.8875,0.5304,0.5304,0.5304,1.2821,0.7059,1.1207,0.8765,0.5304,1.813,0.8793,0.5304,0.5304,0.5304,0.5304,0.5304,0.5304,0.5304
"3,4-dihydroxybutyrate",Lipid,"Fatty Acid, Dihydroxy",,0.416,0.416,0.416,0.5475,0.416,0.416,0.416,0.6574,0.416,1,1.2471,2.0801,0.8537,1.7399,2.7162,0.6975,2.9829,3.0625,2.2232,0.416,0.416,0.416,0.416,0.416
3-(4-hydroxyphenyl)lactate (HPLA),Amino Acid,Tyrosine Metabolism,C03672,0.1914,0.316,0.231,0.2148,0.1655,0.1847,0.1539,0.1861,0.2714,0.2179,4.8938,4.9096,4.7634,9.519,2.4006,1.3707,3.1999,3.7114,2.1141,0.228,0.2904,0.1539,0.1539,0.1539
3-amino-2-piperidone,Amino Acid,Urea cycle; Arginine and Proline Metabolism,,1.3252,0.9092,3.0171,1.3676,2.045,1.0908,4.074,1.799,1.6286,2.0136,1.6955,2.5056,2.1305,2.8662,1.5397,2.7188,1.3633,1.8637,2.1229,0.1739,0.1739,0.1739,0.4473,0.1739
3-formylindole,Xenobiotics,Food Component/Plant,C08493,1.4072,1.1194,1.1802,2.5031,1.4319,1.6371,1.9775,2.7052,1.5785,2.6581,1.8348,1.4447,1.8709,1.9962,3.1978,1.2915,3.4447,3.4889,3.3836,0.8155,0.8819,0.6469,1.2103,0.8843
3-hydroxy-2-methylpyridine,Xenobiotics,Chemical,,0.0096,0.0096,0.0096,0.0096,0.0096,0.0096,0.0096,0.0096,0.0406,0.0096,1.3944,2.0983,1.4653,2.5888,1.4613,0.403,1.6319,1.9409,1.3183,0.0096,0.0096,0.0096,0.0096,0.0096
3-hydroxy-3-methylglutarate,Lipid,Mevalonate Metabolism,C03761,0.514,0.514,0.514,0.514,1.1438,0.514,1.2946,0.6142,0.8593,0.514,0.7739,1.0185,0.8526,1.005,0.8297,1.4029,1.0313,0.514,1.062,0.514,0.514,0.514,0.514,0.514
3-hydroxybutyroylglycine,Lipid,Fatty Acid Metabolism (Acyl Glycine),,1.3067,1.2839,0.9519,3.4219,1.4843,1.942,2.1041,2.9665,2.0783,3.7056,1.0417,0.6858,0.5612,0.8323,1.9964,1.3051,1.4733,2.3785,1.57,2.8663,2.5146,2.5278,2.7449,2.0863
3-indoleglyoxylic acid,Xenobiotics,Food Component/Plant,,0.9429,0.8018,0.6143,2.7082,0.9412,1.9402,1.6411,2.4816,1,2.7414,1.2259,2.2969,1.385,1.7039,3.2724,1.2071,1.7586,2.2068,1.8448,1.1289,1.1002,1.0133,1.2735,1.1518
3-methyl-2-oxobutyrate,Amino Acid,"Leucine, Isoleucine and Valine Metabolism",C00141,0.2719,0.3559,0.2045,0.2806,0.3042,0.4747,0.8096,0.9903,0.8056,0.7171,0.9757,0.4878,0.9508,1.1476,1.1027,0.9012,1.2536,1.1679,0.9446,0.2045,0.2045,0.2045,0.2045,0.2045
3-methyl-2-oxovalerate,Amino Acid,"Leucine, Isoleucine and Valine Metabolism","C00671,C06008,C03465",0.5547,0.4261,0.3806,0.4737,0.4399,0.629,1.1097,0.8141,0.871,0.7684,1.1314,0.5184,1.6806,2.176,1.2952,1.2559,2.0593,2.052,1.4761,0.0565,0.0565,0.0565,0.0565,0.0565
3-sulfo-L-alanine,Amino Acid,"Methionine, Cysteine, SAM and Taurine Metabolism",C00506,0.2038,0.1976,0.1764,0.3392,0.3008,0.1222,0.1261,0.3644,0.2481,0.3317,0.187,0.411,0.1596,0.2606,0.352,0.3102,0.2236,0.2366,0.2491,0.4329,0.3507,0.4272,0.4464,0.465
4-guanidinobutanoate,Amino Acid,Guanidino and Acetamido Metabolism,C01035,1.16,1.1219,0.959,1.5848,1.2745,1.2444,1.0658,2.5309,1.9512,2.3529,1.5765,2.8699,2.4108,2.4013,4.8278,2.4946,4.4555,4.5455,4.4559,1.1053,0.8821,1,0.9936,1.054
4-hydroxybenzoate,Xenobiotics,Benzoate Metabolism,C00156,0.248,0.248,0.2718,0.248,0.248,0.248,0.248,0.248,0.248,0.248,0.8625,1.1732,1.0049,1.029,0.7422,0.9951,0.9534,1.9293,0.6966,0.248,0.248,0.248,0.248,0.248
4-hydroxycinnamate,Xenobiotics,Food Component/Plant,C00811,4.2136,3.5539,2.4871,7.1679,3.1407,3.2895,4.2061,7.4146,6.3979,6.3589,0.0569,0.0569,0.0569,0.0569,0.0569,0.0569,0.0569,0.0569,0.0569,0.0569,0.0569,0.0569,0.0569,0.0569
4-hydroxyphenylacetate,Amino Acid,Phenylalanine Metabolism,C00642,0.3168,0.3168,0.3168,0.3168,0.3168,0.3168,0.3168,0.3168,0.3168,0.3168,0.8343,0.8581,0.8983,1.5349,4.9122,3.2329,6.3008,6.9189,6.8292,0.3168,0.3168,0.3168,0.3168,0.3168
4-hydroxyphenylpyruvate,Amino Acid,Tyrosine Metabolism,C01179,0.6795,0.5116,0.4866,0.7782,0.6284,0.5921,0.8936,1.4449,1.439,1.4774,3.1723,3.0439,5.7707,8.3651,6.4563,3.6154,8.0828,8.5493,6.9423,0.2437,0.198,0.1893,0.2116,0.1937
4-imidazoleacetate,Amino Acid,Histidine Metabolism,C02835,0.9669,0.9237,1,2.4501,0.891,1.6529,1.6056,2.575,1.328,2.5911,1.105,2.0404,1.7886,1.79,5.4538,2.4392,4.3786,4.604,4.4322,1.6187,1.5325,1.612,1.7089,1.6047
4-methyl-2-oxopentanoate,Amino Acid,"Leucine, Isoleucine and Valine Metabolism",C00233,0.7746,0.6065,0.5183,0.5841,0.6759,0.9548,1.7218,1.1017,1.148,1.1854,1.491,0.8816,2.1937,2.8642,4.254,3.2135,5.4274,5.3783,4.9307,0.1359,0.1008,0.1008,0.1232,0.1424
"5,6-dihydrouridine",Nucleotide,"Pyrimidine Metabolism, Uracil containing",,1.3973,1.5243,0.7893,1.0616,1,0.9159,1.2662,2.0517,1.325,1.1761,1.3146,1.5886,1.2099,2.4797,1.5186,1.1205,1.2609,1.0227,1.3803,0.0728,0.0728,0.0728,0.0728,0.0728
5-hydroxylysine,Amino Acid,Lysine Metabolism,C16741,3.7158,3.4039,2.5343,4.9207,8.6409,4.2512,0.878,7.7568,9.2745,8.3566,4.3006,6.7071,5.2702,6.3446,2.9015,0.5051,2.6142,2.7528,4.2992,0.4217,0.4524,0.3486,0.6845,0.4797
5-methylthioadenosine (MTA),Amino Acid,Polyamine Metabolism,C00170,0.7797,1.1763,0.774,0.2764,0.6059,0.2398,0.3457,0.9445,0.7636,0.7056,1.5478,4.2964,1.7728,1.9718,2.5548,3.1079,3.0478,3.5672,2.8105,0.1204,0.1204,0.1204,0.1204,0.1204
5-oxoproline,Amino Acid,Glutathione Metabolism,"C01879,C02237",1.5081,1.2113,1.1741,2.9048,1.4386,2.2134,2.2297,2.685,1.5468,2.7634,1.2948,1.0308,1.2858,1.6934,3.0866,2.3564,1.9655,2.1314,2.0999,2.1139,1.993,2.0209,2.0551,1.9912
6-oxopiperidine-2-carboxylate,Amino Acid,Lysine Metabolism,,1.1271,1.1526,0.9287,0.1247,1.0962,0.2484,0.3254,0.8234,1.1242,1.3193,0.3134,1.0684,1.1218,0.6674,0.1247,0.1247,0.1798,0.274,0.1247,0.1247,0.1247,0.1247,0.1247,0.1247
7-methylguanine,Nucleotide,"Purine Metabolism, Guanine containing",C02242,1.1837,1.3898,0.9227,1.1569,0.9518,0.8217,0.9022,2.2391,1.7976,1.3458,1.0018,1.3546,1.0338,1.4478,0.7325,0.1644,0.8567,0.9982,0.4354,0.1644,0.1644,0.1644,0.1644,0.1644
adenine,Nucleotide,"Purine Metabolism, Adenine containing",C00147,4.4273,24.0906,7.0412,4.3566,5.3458,5.6447,5.2022,17.9117,11.0214,8.2405,11.7272,15.8157,13.2086,15.8548,24.8554,11.9956,26.9975,28.6559,20.5578,0.0482,0.0468,0.0961,0.0348,0.1619
adenosine,Nucleotide,"Purine Metabolism, Adenine containing",C00212,2.4025,3.5886,2.3316,0.9586,1.9744,2.2055,5.3603,4.0765,2.5211,2.7873,1.399,2.1182,1.2411,1.5468,20.0353,6.0262,24.5998,23.4012,12.1907,0.164,0.164,0.164,0.164,0.164
agmatine,Amino Acid,Polyamine Metabolism,C00179,10.2636,9.6967,6.4401,2.9905,10.2691,40.9104,29.1717,65.4649,62.908,64.0402,1.9068,2.6117,3.9035,3.3466,0.9723,3.8473,3.4696,3.3124,1.5821,0.2419,0.2419,0.2419,0.2419,0.2419
alanine,Amino Acid,Alanine and Aspartate Metabolism,C00041,7.4444,5.3225,5.2815,8.5925,7.7288,6.711,8.5305,10.5486,9.3846,8.8818,6.669,11.0474,7.3794,9.9372,12.8806,8.1888,12.9011,13.8675,12.8465,0.0376,0.0598,0.0269,0.0669,0.0581
alpha-hydroxyisocaproate,Amino Acid,"Leucine, Isoleucine and Valine Metabolism",C03264,0.5123,0.4851,0.3352,0.3955,0.3787,0.252,0.2363,1.2915,1.2203,1.1832,1.9606,1.9625,1.7208,3.3857,0.8622,0.3614,1.3139,1.1902,0.8573,0.0566,0.0566,0.0566,0.0566,0.0566
alpha-hydroxyisovalerate,Amino Acid,"Leucine, Isoleucine and Valine Metabolism",,0.3555,0.4236,0.3712,0.6726,0.4279,0.395,0.5935,0.9707,0.7392,1.0717,1.805,1.7809,1.5668,2.3837,1,0.728,1.5056,1.5574,1.3233,0.2519,0.2519,0.2519,0.2519,0.2519
alpha-ketoglutaramate*,Amino Acid,Glutamate Metabolism,C00940,0.3511,0.4304,0.3189,0.4328,0.3482,0.375,0.3821,0.6203,0.6011,0.6465,1.0182,0.5512,0.7736,1.0602,2.5278,1.7874,1.9946,1.8833,2.3774,0.3203,0.2237,0.3265,0.2958,0.3099
alpha-ketoglutarate,Energy,TCA Cycle,C00026,0.6881,0.286,0.2305,1.6334,0.3384,0.6397,0.7776,1.9516,0.9335,0.622,12.4512,9.4985,6.9839,19.1693,1.5694,1.5009,1.6755,1.6192,0.94,0.0857,0.0857,0.0857,0.0857,0.0857
anthranilate,Amino Acid,Tryptophan Metabolism,C00108,0.188,0.4848,0.1723,0.2214,0.1723,0.1723,0.1723,0.4145,0.1723,0.4079,1.9941,3.8403,2.3902,3.1676,1.5554,0.5615,1.873,1.9988,1.3444,0.2459,0.1723,0.1723,0.1723,0.1723
arabinose,Carbohydrate,Pentose Metabolism,C00216,0.1072,0.1072,0.1072,0.1072,0.1072,0.1072,0.1072,0.1072,0.1072,0.1072,0.1072,0.1072,0.1072,0.1072,0.1072,0.1072,0.1072,0.1072,0.1072,0.1072,0.1072,0.1072,0.1072,0.1072
arabonate/xylonate,Carbohydrate,Pentose Metabolism,"C00502,C05411",1,0.7019,0.3566,1.5662,1.4483,2.0004,0.7824,3.2014,1.2523,4.0598,3.4554,6.1864,3.5688,6.716,7.2962,1.3954,7.5476,5.3052,5.867,1.3356,1.0305,1.0563,0.3566,1.4655
arginine,Amino Acid,Urea cycle; Arginine and Proline Metabolism,C00062,0.9437,0.6724,0.7119,1.0231,0.8644,0.8323,1.0267,1.1031,1.0555,1.07,0.8522,1.1184,0.7363,1.1518,0.6636,0.7659,0.7768,0.768,0.6564,1.1078,1.0351,1.0594,1.1354,1.0849
argininosuccinate,Amino Acid,Urea cycle; Arginine and Proline Metabolism,C03406,3.0567,3.693,3.0654,1.9163,3.3839,1,0.8716,1.4751,2.2151,2.4041,0.6195,0.3458,0.9848,1.4031,0.4704,0.0823,0.7515,0.7801,0.3804,0.0823,0.0823,0.0823,0.0823,0.0823
aspartate,Amino Acid,Alanine and Aspartate Metabolism,C00049,24.6377,17.7206,19.4614,21.249,26.5621,20.6689,31.8296,12.3082,14.1375,13.6738,3.9752,6.3263,3.3455,5.2144,21.9952,16.4587,18.8058,19.74,20.5357,0.1754,0.2332,0.127,0.2245,0.1906
benzoate,Xenobiotics,Benzoate Metabolism,C00180,1.3577,0.9445,0.7393,1.1969,0.8854,0.934,0.7573,1.1155,1.0214,1.1263,0.9709,0.8331,1.0325,1.0896,1.2767,1.067,1.3357,0.9328,3.0984,0.6125,0.8223,0.8807,0.9507,0.9865
beta-hydroxyisovalerate,Amino Acid,"Leucine, Isoleucine and Valine Metabolism",,0.8302,1.0283,1.0403,1.029,1.0908,1.1582,1.1717,0.8323,0.8541,0.9786,0.8387,1.0528,0.9411,1.006,0.8295,0.9373,1.0463,0.9519,0.9514,1.2136,0.906,0.934,1,0.6772
betaine,Amino Acid,"Glycine, Serine and Threonine Metabolism",C00719,3.3321,2.3611,1.8738,3.527,6.2837,3.7259,17.7123,5.1146,5.1129,4.9469,4.916,8.3277,5.785,6.9706,6.5159,11.8881,4.9694,4.5596,8.0445,1.4935,0.5035,0.4954,0.4388,0.4621
butyrate/isobutyrate (4:0),Lipid,Short Chain Fatty Acid,C00246,2.7263,1.9604,1.2796,4.1202,2.2919,2.0139,2.3168,4.3458,3.8817,3.4927,1.9456,3.0438,1.861,3.2839,1.4462,0.7552,1.8554,1.99,1.3706,0.101,0.1476,0.0758,0.1032,0.1006
carboxy-methyl-arginine,Amino Acid,Urea cycle; Arginine and Proline Metabolism,,0.2479,0.2941,0.2479,1.7683,0.5352,1.0878,0.394,2.2101,0.5835,2.1668,0.7204,0.9329,1.1704,1.3005,1.6843,1.497,1.526,2.1635,2.1892,1.0671,0.642,0.823,0.7041,0.7775
choline,Lipid,Phospholipid Metabolism,C00114,0.9346,0.6564,0.6327,1.0459,0.8635,0.8075,0.9983,1.0874,1.0569,1.1286,0.8349,1.0662,0.8103,1.1614,1.0163,1.141,1.1234,1.1597,1.089,1.0417,0.9781,1.0592,1.1515,1.0311
citraconate/glutaconate,Energy,TCA Cycle,"C02226,C02214",0.8572,0.394,0.7988,2.5027,1.0367,4.6971,5.5033,5.9693,2.8532,7.3322,1.5534,6.6625,1.1256,1.9344,2.1568,1.0701,2.3441,2.4968,2.4035,0.3618,0.2105,0.2728,0.337,0.2105
citrate,Energy,TCA Cycle,C00158,1.3707,1,0.9739,1.426,2.6935,1.4498,1.5411,2.1578,2.5945,1.8667,2.0646,3.9153,2.2228,2.732,3.7142,1.1012,2.8812,1.3658,4.2669,0.7584,0.726,1.0449,0.9351,1.0114
citrulline,Amino Acid,Urea cycle; Arginine and Proline Metabolism,C00327,35.4831,28.3806,22.6718,14.7334,39.4554,38.5762,30.4557,20.9748,20.4715,30.9852,7.3446,9.8075,4.3767,9.4189,4.245,3.292,4.4884,4.2939,3.7574,0.7229,2.3732,0.6701,0.7446,1.1146
cyclo(gly-pro),Peptide,Dipeptide,,0.9445,0.5647,0.4385,1.043,2.0192,0.957,0.3658,1.517,1.8442,1.5642,1.6699,3.034,1.8641,2.6763,2.0216,0.2382,1.6444,1.4425,2.7388,0.0465,0.0465,0.0465,0.0465,0.0465
cysteine,Amino Acid,"Methionine, Cysteine, SAM and Taurine Metabolism",C00097,0.0269,0.0379,0.0358,0.0244,0.0333,0.0033,0.0059,0.033,0.0593,0.0499,0.072,0.1196,0.0962,0.1303,0.0526,0.0678,0.0862,0.0897,0.0826,0.0008,0.0005,0.0009,0.0005,0.0008
cysteine s-sulfate,Amino Acid,"Methionine, Cysteine, SAM and Taurine Metabolism",C05824,2.3154,1.2722,1.4786,1.7059,2.1192,0.0416,0.0963,1.3162,1.5062,1.3008,0.4693,0.5647,0.3826,0.4209,0.5796,1.413,0.2819,0.3387,0.4655,2.2499,2.1885,2.0869,2.0862,1.9938
cysteine sulfinic acid,Amino Acid,"Methionine, Cysteine, SAM and Taurine Metabolism",C00606,0.1255,0.0762,0.0944,0.2068,0.115,0.1219,0.0569,0.1223,0.0424,0.1605,0.0812,0.0806,0.0706,0.065,0.0832,0.062,0.0354,0.0432,0.0368,0.1584,0.1584,0.139,0.1449,0.1399
cysteinylglycine disulfide*,Amino Acid,Glutathione Metabolism,,1.0152,0.485,0.5206,1.3666,0.964,0.485,0.485,0.9256,0.485,0.9185,0.485,0.485,0.485,0.485,0.485,0.485,0.485,0.485,0.485,0.6543,0.5096,0.7996,0.6414,0.8226
cystine,Amino Acid,"Methionine, Cysteine, SAM and Taurine Metabolism",C00491,0.1261,0.1015,0.0953,0.0875,0.0824,0.0043,0.0043,0.0298,0.0445,0.0378,0.0135,0.0335,0.0316,0.0267,0.0072,0.1322,0.0043,0.0092,0.017,0.347,0.279,0.3507,0.2991,0.2638
cytidine,Nucleotide,"Pyrimidine Metabolism, Cytidine containing",C00475,4.1357,2.0245,1.397,2.3765,2.6557,0.3638,0.9913,0.7006,1.1988,1.1343,0.2583,0.2583,0.2583,0.2583,0.2583,1.1009,0.2583,0.4783,1.0087,0.2583,0.2583,0.2583,0.2583,0.2583
cytosine,Nucleotide,"Pyrimidine Metabolism, Cytidine containing",C00380,0.9659,1.1038,0.999,1.2092,1.3767,0.8462,1.2291,1.5316,1.4691,1.4611,1.5371,2.3116,1.2782,2.0946,1.0995,0.6826,1.05,1.0582,1.1273,0.1827,0.1827,0.1827,0.1827,0.1827
dihydroorotate,Nucleotide,"Pyrimidine Metabolism, Orotate containing",C00337,2.9962,1.091,2.0133,4.2591,2.659,2.8682,4.6823,2.0694,1.6593,1.8725,1.5106,3.5994,1.1492,2.2614,0.8481,1.5576,1.2839,1.1507,0.9958,0.2885,0.2885,0.2885,0.2885,0.2885
erythronate*,Carbohydrate,Aminosugar Metabolism,,5.4186,3.6081,4.1343,6.5975,5.3432,5.038,7.3215,8.668,7.5843,8.4473,3.6138,6.2178,2.5548,4.8884,4.9198,1.9513,4.6049,4.4998,4.6066,0.6838,0.6158,0.5721,0.5494,0.5749
folate,Cofactors and Vitamins,Folate Metabolism,C00504,1.4539,1.0793,0.9934,1.5471,1.2734,1.1849,1.5389,1.6742,1.6434,1.7489,1.0016,1.4975,1.0021,1.6821,1.4632,1.481,1.5895,1.6354,1.4797,1.2344,1.0603,1.0999,1.1685,1.1302
formiminoglutamate,Amino Acid,Histidine Metabolism,C00439,0.9096,1.6189,0.9236,0.6993,0.4832,0.3365,0.3787,1.9334,2.4126,1.5709,1.2598,1.2565,2.6581,2.9384,1.6176,0.2793,2.0426,2.5926,1,0.0056,0.0056,0.0056,0.0056,0.0056
fructose,Carbohydrate,"Fructose, Mannose and Galactose Metabolism",C00095,0.4892,0.3774,0.4365,0.357,0.5988,0.3283,0.7485,0.2857,0.2632,0.2727,0.3203,0.3824,0.2528,0.2672,1.037,3.151,1.3343,1.3403,1.3536,5.5804,4.8026,3.2921,2.742,2.7251
fructosyllysine,Amino Acid,Lysine Metabolism,,0.5371,0.1571,0.2594,0.3158,0.4977,0.1219,0.2941,0.052,0.0529,0.065,0.0035,0.0055,0.0055,0.0064,0.1426,1.597,0.0236,0.032,0.088,2.8278,2.488,2.9733,2.2503,2.5805
fumarate,Energy,TCA Cycle,C00122,11.6012,5.3347,8.4781,15.6974,10.3633,11.1744,14.2111,9.5156,11.3805,10.4916,3.4647,6.5758,2.222,5.2431,4.9265,6.2948,6.1567,6.4974,6.3271,0.1158,0.1158,0.1158,0.1158,0.1158
gamma-glutamylglutamine,Peptide,Gamma-glutamyl Amino Acid,C05283,1.8562,1.4874,1.2364,2.0146,1.6796,1.3055,1.7873,1.9856,1.991,1.8061,0.7512,1.0888,0.8794,1.1026,1.0217,1,1.0242,1.2529,1.134,1.2429,1.1094,1.131,1.2145,1.0745
gamma-glutamylisoleucine*,Peptide,Gamma-glutamyl Amino Acid,,0.8226,0.6016,0.4254,0.9598,0.5312,0.4254,0.6547,0.9741,0.6615,1.0884,0.4254,0.4254,0.5464,0.4254,1.192,1.1812,1.3167,1.317,2.3078,0.7758,0.784,1.0144,0.9008,0.9039
gamma-glutamylvaline,Peptide,Gamma-glutamyl Amino Acid,,1.0528,0.8124,0.6435,1.3607,1.078,0.9694,0.8961,1.576,1.5305,1.7814,0.8656,0.9492,0.7778,1.4214,1.4599,0.6517,1.3086,1.3544,1.5477,1.0698,0.9618,0.9241,1.1909,0.981
gluconate,Xenobiotics,Food Component/Plant,C00257,0.6441,0.1554,0.4004,0.7208,0.4671,0.7573,0.3455,0.7097,0.5608,0.7134,0.3887,0.8598,0.6913,0.9108,0.8756,0.7036,0.9084,0.9475,0.9488,0.1554,0.1554,0.1554,0.1554,0.1554
glucose,Carbohydrate,"Glycolysis, Gluconeogenesis, and Pyruvate Metabolism",C00031,0.3746,0.106,0.2742,0.2853,0.4207,0.0625,0.1495,0.0403,0.0631,0.0642,0.0042,0.0042,0.0053,0.0052,0.1425,1.3368,0.1826,0.1662,0.4144,2.5585,2.4481,2.545,2.7625,2.5816
glutamate,Amino Acid,Glutamate Metabolism,"C00025,C00217",8.9429,10.3804,6.2546,8.65,10.9437,10.4493,15.3131,14.1635,12.255,10.7284,10.0927,26.005,10.3581,14.7953,7.1065,5.3475,8.3344,9.6191,6.0637,0.0746,0.0615,0.0675,0.0803,0.0783
"glutamate, gamma-methyl ester",Amino Acid,Glutamate Metabolism,,0.4539,0.4353,0.5313,0.6005,0.6795,0.3891,0.3891,0.3891,0.3891,0.3891,0.3891,0.7085,0.3891,0.8623,0.946,0.7762,0.6799,0.8222,0.6537,0.7026,0.9617,0.4488,0.9878,0.8614
glutamine,Amino Acid,Glutamate Metabolism,C00064,0.7871,0.4953,0.5345,0.6949,0.6979,0.4771,0.5859,0.7167,0.79,0.772,0.6841,0.636,0.6385,1.0171,0.7693,0.9946,0.9521,0.9528,0.9686,1.083,0.9939,1.007,1.1297,1.0574
glutamine_degradant*,Partially Characterized Molecules,Partially Characterized Molecules,,1.3008,1.0619,1.082,2.4366,1.2992,2.0792,1.3261,1.6764,0.8141,2.3422,1.019,0.6998,1.2501,1.1064,2.7433,2.3822,2,2.4718,2.0079,2.427,2.2794,2.2422,2.4138,2.5082
glycerate,Carbohydrate,"Glycolysis, Gluconeogenesis, and Pyruvate Metabolism",C00258,0.9816,0.8149,0.7411,0.9937,1.2157,0.9621,1.0175,1.4091,1.3041,2.3923,3.9516,7.7806,4.7803,6.0597,2.695,1.3485,2.9888,3.129,2.8097,0.1235,0.1441,0.1879,0.1027,0.1412
glycerol 3-phosphate,Lipid,Glycerolipid Metabolism,C0093,0.1922,0.1375,0.2034,0.1542,0.203,1.3788,1.6776,1.3305,1.292,1.2606,2.772,1.9049,4.8246,2.5386,3.8106,1.4011,5.0867,3.3938,2.7827,0.1132,0.1132,0.1132,0.1132,0.1132
glycerophosphoethanolamine,Lipid,Phospholipid Metabolism,C01233,7.8452,7.7566,5.7302,8.7896,7.4246,6.5166,9.5652,11.1456,10.2875,8.288,0.7637,0.9422,0.9097,0.9771,2.5866,0.9204,3.1556,3.4579,2.2719,0.0546,0.0546,0.0546,0.0546,0.0546
glycerophosphoserine*,Lipid,Phospholipid Metabolism,,1.3732,2.0836,1.3657,0.9084,2.009,0.9702,2.0035,1.1123,1.4832,1,0.18,0.18,0.18,0.18,0.18,0.18,0.18,0.18,0.18,0.18,0.18,0.18,0.18,0.18
glycine,Amino Acid,"Glycine, Serine and Threonine Metabolism",C00037,4.3496,6.4711,3.8187,3.1,6.3102,3.4992,2.3451,9.7597,11.4176,8.0261,7.9049,15.0979,8.0128,11.3179,6.9907,4.6773,7.1846,7.1884,8.4825,0.1024,0.3152,0.4227,0.4584,0.3289
glycylisoleucine,Peptide,Dipeptide,,0.8547,0.5751,0.5751,1.2159,1.6898,0.7609,1.5692,1.0294,0.6878,0.7411,0.5751,1.0431,0.5935,0.9706,2.0352,0.901,1.573,0.924,2.5654,0.5751,0.5751,0.5751,0.5751,0.5751
glycylleucine,Peptide,Dipeptide,C02155,0.7358,0.3193,0.3193,1.1144,2.3427,0.3535,1.0142,0.3193,0.6545,0.7563,0.3193,0.6573,0.3193,0.3193,1.2712,1,1.3294,0.9849,3.6715,0.3193,0.3193,0.3193,0.3193,0.3193
glycylvaline,Peptide,Dipeptide,,2.0406,1.1451,0.8145,2.5579,5.5591,1.7488,4.6572,2.294,2.2865,2.4402,0.9816,1.9465,1,1.5907,3.9191,3.9324,3.368,2.8766,6.7119,0.1717,0.1717,0.1717,0.1717,0.1717
guanine,Nucleotide,"Purine Metabolism, Guanine containing",C00242,2.2258,0.5445,1,3.3994,1.7881,0.9224,1.2141,1.4768,1.0177,1.068,1.4519,2.0728,0.8683,0.8496,5.944,6.0866,5.8734,9.8763,6.1533,0.1357,0.1357,0.1357,0.1357,0.1357
guanosine,Nucleotide,"Purine Metabolism, Guanine containing",C00387,0.9733,1.2187,0.3303,0.8087,0.722,0.5972,1.3566,2.0469,1.459,1.1457,0.3303,1.2305,0.3891,0.4535,8.0085,7.513,7.4452,8.7598,7.8471,0.3303,0.3303,0.3303,0.3303,0.3303
histidine,Amino Acid,Histidine Metabolism,C00135,0.9724,0.6791,0.7122,0.9916,0.9559,0.8091,0.9575,0.9294,1.0592,1.0667,0.7001,1.1152,0.7255,1.0805,0.7687,0.9113,0.9056,0.9829,0.8956,1.1074,1.0458,1.0686,1.2715,1.2259
homocystine,Amino Acid,"Methionine, Cysteine, SAM and Taurine Metabolism",C01817,0.429,0.7383,0.4309,1.1143,0.6182,7.7032,0.8857,2.5562,1.5503,2.0738,0.429,0.429,0.429,0.429,0.429,0.429,0.429,0.429,0.429,0.429,0.429,0.429,0.429,0.429
homoserine,Amino Acid,"Glycine, Serine and Threonine Metabolism",C00263,0.3327,0.3405,0.21,0.21,0.4221,1.5537,0.6725,1.8965,0.6059,0.3671,2.5214,4.669,0.6195,4.3889,1.3885,1.4264,0.9496,1,1.0205,0.21,0.21,0.21,0.21,0.21
hypoxanthine,Nucleotide,"Purine Metabolism, (Hypo)Xanthine/Inosine containing",C00262,0.6008,1.2205,1.172,1.2142,0.653,0.9776,0.5954,2.2563,1.8055,1.3109,2.0259,2.2403,1.0224,3.0705,0.078,0.0665,0.1024,0.1402,0.1337,0.0665,0.0665,0.0665,0.0665,0.0665
imidazole lactate,Amino Acid,Histidine Metabolism,C05568,0.0461,0.0461,0.0461,0.0461,0.0461,0.0461,0.0461,0.0461,0.0461,0.0461,1.171,0.8217,1.4938,1.542,0.6194,0.3959,0.8469,1.0829,0.6628,0.0461,0.0461,0.0461,0.0461,0.0461
indolelactate,Amino Acid,Tryptophan Metabolism,C02043,0.4839,0.4839,0.4839,0.4839,0.4839,0.4839,0.4839,0.4839,0.4839,0.4839,1.4099,1.6468,1.3338,2.6514,0.7051,0.4839,0.8243,1.0689,0.9311,0.4839,0.4839,0.4839,0.4839,0.4839
inosine,Nucleotide,"Purine Metabolism, (Hypo)Xanthine/Inosine containing",C00294,1.0379,2.9229,1.8061,0.9133,0.9621,2.2586,2.2088,2.5815,1.0859,1.6706,2.31,4.7979,2.7602,2.5767,0.6405,0.6899,0.9606,1.2752,0.6491,0.2336,0.2336,0.2336,0.2336,0.2336
isobutyrylglycine (C4),Amino Acid,"Leucine, Isoleucine and Valine Metabolism",,0.9672,0.5955,0.4907,1.0031,0.4179,0.6594,1.1144,1.4719,1.222,1.7276,1.3805,1.9836,2.5324,2.3573,14.2103,4.1198,10.8878,11.9011,12.1924,0.1464,0.5743,0.3964,0.1464,0.1464
isoleucine,Amino Acid,"Leucine, Isoleucine and Valine Metabolism","C16424,C00407,C06418",0.8599,0.6376,0.6766,0.8849,0.8238,0.7499,0.8718,0.8483,0.8193,0.9091,0.7729,0.9468,0.7442,0.97,0.9932,1.13,1.0131,1.0743,1.036,1.1486,1.0755,1.1125,1.1729,1.1217
isoleucylglycine,Peptide,Dipeptide,,1.5314,0.476,0.5471,2.35,4.25,1.3612,4.0499,0.476,0.476,1,0.476,0.96,0.8764,0.6836,1.3431,2.6908,0.5601,0.4808,1.6458,0.476,0.476,0.476,0.476,0.476
isoleucylhydroxyproline*,Peptide,Dipeptide Derivative,,0.7069,0.658,0.3577,0.7851,3.2918,2.1216,0.3577,2.2083,2.1368,2.0602,0.5619,1.1667,0.9676,1.4493,0.7214,0.3577,0.672,0.3577,1.0324,0.3577,0.3577,0.3577,0.3577,0.3577
isovalerate (C5),Amino Acid,"Leucine, Isoleucine and Valine Metabolism",C08262,7.9035,4.8279,3.9674,12.1024,5.2455,8.0131,10.1342,12.6362,11.6731,10.2773,5.0777,9.626,4.2707,10.3932,3.4627,2.4662,4.0331,3.9232,3.8667,0.0521,0.0885,0.0638,0.0526,0.0416
kynurenate,Amino Acid,Tryptophan Metabolism,C01717,1.0718,1.1166,0.5299,1.639,0.8069,1.2966,1.8355,2.1215,1.3058,1.7359,1.3338,0.3869,1.34,1.7139,3.8177,1.6727,2.1563,1.4196,2.6416,1.0114,1.0118,1.0639,1.0207,0.8815
kynurenine,Amino Acid,Tryptophan Metabolism,C00328,2.7333,2.1487,1.9126,6.7541,2.7407,4.8863,3.5553,6.2212,2.9922,8.2939,2.0362,0.9902,2.1174,2.4563,4.871,2.884,2.5843,3.3693,3.0937,4.1922,3.6251,4.1228,4.6506,4.1097
lactate,Carbohydrate,"Glycolysis, Gluconeogenesis, and Pyruvate Metabolism",C00186,17.9182,1.4466,7.9514,24.6479,13.5866,30.0619,34.5871,7.3185,10.8036,17.3412,45.8997,61.52,32.309,68.0058,62.3716,34.5265,65.5681,61.6457,68.8845,0.0542,0.0739,0.0865,0.0557,0.0449
lanthionine,Amino Acid,"Methionine, Cysteine, SAM and Taurine Metabolism",,0.0253,0.0272,0.0303,0.0171,0.0263,0.0045,0.0045,0.0265,0.051,0.0452,0.0617,0.0876,0.0613,0.1005,0.0742,0.1271,0.0742,0.1368,0.1172,0.0045,0.0045,0.0045,0.0045,0.0045
leucine,Amino Acid,"Leucine, Isoleucine and Valine Metabolism",C00123,0.7697,0.5642,0.5648,0.8163,0.7583,0.6496,0.9667,0.871,0.8863,0.8354,0.7768,0.9706,0.6882,1.1183,1.0545,1.2331,1.1703,1.0655,1.131,1.0762,0.9572,1.0024,1.1108,1.0748
leucylhydroxyproline*,Peptide,Dipeptide Derivative,,0.4834,0.4101,0.2592,0.4825,1.7073,0.9028,0.2592,1.1821,1.2835,1.1049,0.5537,0.4802,1.9617,1.0082,1.0014,0.2592,0.9731,1,1.1442,0.2592,0.2592,0.2592,0.2592,0.2592
lysine,Amino Acid,Lysine Metabolism,"C00047,C00739",1.1812,0.9293,0.9176,1.2853,1.1373,1.0582,1.3135,1.4703,1.381,1.3946,1.0106,1.3577,0.8958,1.3582,0.982,1.1932,1.1452,1.156,1.0963,1.0834,1.0037,1.0032,1.1779,1.0682
lyxonate,Carbohydrate,Pentose Metabolism,,0.133,0.0779,0.0779,0.1264,0.2513,0.0779,0.1068,0.0779,0.0779,0.0779,0.0779,0.0779,0.0779,0.0779,0.1254,1.0232,0.098,0.0779,0.2189,2.8086,2.2026,2.5448,2.7457,2.5262
malate,Energy,TCA Cycle,"C00497,C00149,C00711",25.489,15.7177,20.0814,27.5436,23.201,22.7948,24.1507,21.0822,24.7941,22.8094,9.7141,9.4624,6.5615,13.5112,14.4658,8.639,15.8606,15.1946,14.3316,0.0027,0.003,0.0055,0.006,0.0042
maleate,Lipid,"Fatty Acid, Dicarboxylate",C01384,8.1438,4.1983,6.1516,14.915,8.6662,8.1722,7.3716,7.74,10.3891,9.0692,2.7105,4.9879,2.6102,2.9738,3.7105,3.986,3.5127,3.1622,3.408,0.5848,0.5315,0.6604,0.665,0.6471
malonate,Lipid,Fatty Acid Synthesis,C00383,1.7046,1.2758,1.6583,1.932,1.6318,1.4496,1.4456,1.9543,2.0725,2.0457,0.9227,1.2002,1.4325,1.3787,1.1147,0.6086,1.1431,1.1977,1.063,0.2297,0.0746,0.3042,0.3286,0.7825
maltose,Carbohydrate,Glycogen Metabolism,C00208,4.1795,5.7867,4.1961,1.2909,5.3572,0.1678,0.1678,0.5164,0.6617,0.6659,0.1678,0.1678,0.1678,0.1678,1.8057,2.5147,2.6148,2.5974,2.3235,0.7145,0.1678,0.7708,0.6922,0.7405
mannonate*,Xenobiotics,Food Component/Plant,,0.3087,0.1952,0.1952,0.5804,0.5844,0.3914,0.1952,0.5446,0.499,0.5228,0.4894,0.7174,0.4805,0.7034,0.9862,0.6461,0.8076,0.6878,1.1457,0.1952,0.1952,0.1952,0.1952,0.1952
mannose,Carbohydrate,"Fructose, Mannose and Galactose Metabolism","C00159,C02209,C00936",0.3964,1,0.3964,0.3964,0.3964,0.3964,0.3964,0.3964,0.3964,0.3964,0.3964,0.3964,0.3964,0.3964,1.0964,1.9619,1.5114,1.2508,1.547,0.3964,0.3964,0.3964,0.3964,0.3964
methionine,Amino Acid,"Methionine, Cysteine, SAM and Taurine Metabolism",C00073,0.796,0.5519,0.5496,0.7524,0.7736,0.5777,0.885,0.696,0.8124,0.6942,0.7758,1.0531,0.7095,1.169,0.7852,1.1503,0.9254,0.9684,0.9305,1.1132,1.0051,1.0397,1.148,1.0946
methionine sulfone,Amino Acid,"Methionine, Cysteine, SAM and Taurine Metabolism",,0.5958,0.7565,0.4222,0.7089,0.8691,0.5292,0.4222,1.1318,0.5756,1.2892,0.8241,2.4131,1.3124,1.1943,1.6888,0.4222,1.4228,1,1.3148,0.5641,0.4222,0.4222,0.4222,0.4222
methionine sulfoxide,Amino Acid,"Methionine, Cysteine, SAM and Taurine Metabolism",C02989,1.1687,0.864,0.9151,2.0693,1.1301,1.4957,1.7529,2.0548,1.1416,2.0713,0.8054,0.9167,0.9894,1.0875,2.767,1.5814,2.1896,2.214,2.2066,1.8973,1.6989,1.8119,1.9118,1.8247
MOPS,Xenobiotics,Chemical,,0.2544,0.2544,0.2544,0.2544,0.2544,0.2544,0.2544,0.2544,0.2544,0.2544,0.2544,0.2544,0.2544,0.2544,0.2544,0.2544,0.2544,0.2544,0.2544,0.2544,0.2544,0.2544,0.2544,0.2544
myo-inositol,Lipid,Inositol Metabolism,C00137,0.9804,1.0033,0.63,0.9471,0.7227,0.803,1.0253,1.1807,1.1765,1.2504,0.7957,0.9853,0.7494,1.1249,0.9046,1.1502,0.8265,0.8546,0.9686,1.1841,1.1303,1.2567,1.3339,1.232
N-acetylalanine,Amino Acid,Alanine and Aspartate Metabolism,C02847,1.1261,0.2813,0.2813,1.4057,0.2813,0.2813,1.8214,0.2813,0.2813,0.9292,0.5825,1.7496,1.638,1.6462,2.6074,2.3259,3.3987,2.8497,2.3969,1.0612,1.1358,0.9282,1.3488,1.3237
N-acetylarginine,Amino Acid,Urea cycle; Arginine and Proline Metabolism,C02562,0.8955,0.6226,0.5251,0.7863,0.7563,0.6599,1.082,1.4925,1.2662,1.4542,3.2939,4.9291,7.6892,5.1054,12.2998,6.951,13.6002,14.3506,12.0924,0.0409,0.0409,0.0409,0.0409,0.0409
N-acetylaspartate (NAA),Amino Acid,Alanine and Aspartate Metabolism,C01042,0.4984,0.5467,0.3977,0.4585,0.4513,0.5392,1.0285,0.9715,0.7974,0.8818,1.2378,2.2143,1.5658,1.7665,2.0347,0.8244,1.696,1.9466,1.6402,0.3977,0.3977,0.3977,0.3977,0.3977
N-acetylcysteine,Amino Acid,"Methionine, Cysteine, SAM and Taurine Metabolism",C06809,0.0506,0.0506,0.0506,0.0506,0.0506,0.0506,0.0506,0.0506,0.0506,0.0506,0.0506,0.0506,0.0506,0.0506,0.0845,0.0588,0.1105,0.1364,0.1075,0.0506,0.0506,0.0506,0.0506,0.0506
N-acetylglucosamine/N-acetylgalactosamine,Carbohydrate,Aminosugar Metabolism,C01074,1.5398,1.7573,1.2515,1.1115,1.5265,1.1581,1.8369,1.3155,1.2739,1.5501,0.535,1.2878,0.5067,0.8547,4.5016,4.1369,3.6666,3.7704,5.0171,0.0197,0.0197,0.0197,0.0197,0.0197
N-acetylglutamate,Amino Acid,Glutamate Metabolism,C00624,1.019,0.7208,0.7248,1.4169,0.981,1.3025,1.6067,2.2809,2.0071,1.9402,1.4957,3.1123,5.4092,3.1397,6.7549,2.8136,7.4522,6.2506,6.8355,0.098,0.098,0.098,0.098,0.098
N-acetylglutamine,Amino Acid,Glutamate Metabolism,C02716,0.9906,1.209,0.814,0.9409,1,0.7021,1.0574,1.2838,1.4837,1.3846,3.0933,3.4041,7.3692,5.3211,15.7969,10.9798,17.0908,18.0368,18.9254,0.4143,0.1752,0.3914,0.2795,0.3048
N-acetylhistidine,Amino Acid,Histidine Metabolism,C02997,0.744,0.7378,0.655,0.7675,0.6527,0.667,2.4494,1.2376,1.1409,1.419,2.4264,3.943,6.9544,3.7339,10.8859,7.617,13.7718,14.9452,12.4646,0.1079,0.1079,0.1079,0.1329,0.1079
N-acetylisoleucine,Amino Acid,"Leucine, Isoleucine and Valine Metabolism",,1.4369,0.7408,0.9226,0.8642,1.3063,0.7103,1.8603,1.2263,1.0832,1.1867,2.1352,2.831,3.7138,2.8175,8.882,5.6511,8.5899,9.3348,8.9285,0.2527,0.2527,0.5151,0.2527,0.926
N-acetylleucine,Amino Acid,"Leucine, Isoleucine and Valine Metabolism",C02710,0.6744,0.5453,0.098,0.7349,0.8021,0.5672,2.6915,1.0277,0.9723,0.8959,2.2424,3.6981,4.2242,4.0163,13.3568,9.0624,13.6559,13.214,16.2769,0.098,0.098,0.098,0.098,0.098
N-acetylmethionine,Amino Acid,"Methionine, Cysteine, SAM and Taurine Metabolism",C02712,3.0645,1.6136,1.3406,1.1299,2.69,2.1385,2.8979,3.9526,3.9302,3.4055,0.8203,1.4719,1.3731,1.6312,2.7625,1.9068,2.8386,2.8712,2.8001,0.1188,0.1188,0.1188,0.1188,0.1188
N-acetylmethionine sulfoxide,Amino Acid,"Methionine, Cysteine, SAM and Taurine Metabolism",,3.7025,3.8425,1.9449,0.4069,4.4939,1.1828,0.7945,4.1876,3.8442,3.2458,0.4388,0.9338,0.8507,0.5964,2.7857,1.1954,2.1848,2.0321,2.2676,0.1254,0.1254,0.1254,0.1254,0.1254
N-acetylmuramate,Carbohydrate,Aminosugar Metabolism,C02713,2.1538,2.5225,1.5595,1.1396,2.0551,1.5281,1.3642,1.9036,1.6158,2.0871,1.7134,2.3926,2.2035,1.9775,1.3325,0.5041,1.2675,1.2904,0.6268,0.1587,0.1587,0.1587,0.1587,0.1587
N-acetylphenylalanine,Amino Acid,Phenylalanine Metabolism,C03519,1.2105,0.7456,0.6391,1.1647,0.8211,1.4693,2.3153,2.815,2.3539,2.7232,1,1.7863,2.4405,1.8157,5.0581,3.1134,5.3308,5.778,4.9619,0.0731,0.0731,0.0731,0.0731,0.0731
N-acetylproline,Amino Acid,Urea cycle; Arginine and Proline Metabolism,,0.2105,0.2105,0.2105,0.2105,0.2105,0.2105,0.6887,0.2105,0.2105,0.2105,0.2105,0.6142,0.2105,0.6979,1.6527,1.0283,0.9717,1.4641,1.6659,0.2105,0.2105,0.2105,0.2105,0.2105
N-acetylputrescine,Amino Acid,Polyamine Metabolism,C02714,2.7533,1.2625,0.9751,1.5368,2.0121,1.8831,0.6504,2.7701,3.1357,2.3134,0.9026,1.7973,1.4231,1.2635,0.6946,0.136,1.8811,1.0249,0.7593,0.136,0.136,0.136,0.136,0.136
N-acetylserine,Amino Acid,"Glycine, Serine and Threonine Metabolism",,0.8029,1.3228,1.5245,1.5507,0.9477,0.8734,1.4046,7.5348,0.8065,3.1303,3.3472,7.0358,4.6412,7.0225,10.0957,12.9141,12.0159,13.0901,7.4779,0.2425,0.2659,0.2425,0.2425,0.2425
N-acetylthreonine,Amino Acid,"Glycine, Serine and Threonine Metabolism",,2.3246,0.9147,1.4105,2.9245,1.5316,2.2234,2.036,2.9612,3.1639,2.6322,3.1071,5.4831,2.9811,5.2164,12.1178,12.4234,13.3358,11.8164,18.5473,0.1253,0.114,0.1603,0.1166,0.114
N-acetyltyrosine,Amino Acid,Tyrosine Metabolism,,0.5293,0.332,0.2774,0.5341,0.4065,0.6857,1.0738,1.1047,1.1498,1,0.857,1.3871,2.1413,1.5797,5.3052,3.087,4.9772,5.1926,4.6213,0.1254,0.1254,0.1254,0.1254,0.1254
N-acetylvaline,Amino Acid,"Leucine, Isoleucine and Valine Metabolism",,0.1787,0.2003,0.1552,0.1997,0.2444,0.2196,0.5268,0.407,0.3923,0.4757,0.6594,1.0822,1.9399,1.3494,5.2027,2.6652,4.8088,5.0828,4.8693,0.1552,0.1552,0.1552,0.1552,0.1552
N-carbamoylvaline,Amino Acid,"Leucine, Isoleucine and Valine Metabolism",,0.6156,1.6766,1,1.5586,0.6156,0.7156,1.9416,1.2545,0.6156,0.6156,0.9165,1.8921,0.6156,1.1329,1.1335,1.0313,0.6156,0.9566,0.6156,0.6156,0.7631,0.6156,0.6156,0.6156
N-carboxymethylalanine,Xenobiotics,Food Component/Plant,,0.3733,0.4015,0.1037,0.1037,0.5176,0.1434,0.1037,0.8685,1.1315,0.1037,4.3289,6.7356,10.0957,5.8454,11.9977,1.3886,16.6232,10.7878,14.3884,0.1037,0.1037,0.1037,0.1037,0.1037
N-delta-acetylornithine,Amino Acid,Urea cycle; Arginine and Proline Metabolism,C00437,0.1398,0.1398,0.1398,0.1398,0.1398,0.1398,0.1398,0.1398,0.1398,0.1398,0.1398,0.2151,0.2201,0.1544,1.7506,0.5902,1.4098,1.7535,1.5592,0.1398,0.1398,0.1398,0.1398,0.1398
N-formylanthranilic acid,Amino Acid,Tryptophan Metabolism,C05653,0.4219,0.1357,0.6689,1.6871,0.6293,1.0459,0.7933,1.521,0.1357,1.422,1.9874,3.9186,3.8272,3.1901,3.3088,1.4165,3.3079,3.7555,3.0089,1.5748,1.4273,1.613,1.3992,1.5605
N-formylkynurenine,Amino Acid,Tryptophan Metabolism,"C02700,C02406,C15605",4.4359,3.096,2.4234,4.8154,3.6619,4.3808,3.909,5.7822,5.1202,6.1702,3.5413,0.9131,3.336,4.1302,3.8139,3.3873,3.2242,3.7882,2.7898,6.6154,6.1188,6.0055,7.0347,6.842
N-formylmethionine,Amino Acid,"Methionine, Cysteine, SAM and Taurine Metabolism",C03145,2.2243,2.0185,1.6428,4.0658,2.47,5.6323,8.9072,10.4876,9.3128,9.1027,2.3745,0.2627,2.9267,5.1057,8.497,4.2404,8.4764,9.0556,9.1765,0.3053,0.2627,0.3523,0.3743,0.3405
N-formylphenylalanine,Amino Acid,Tyrosine Metabolism,,1.1812,1.1209,0.8816,1.5993,1.3281,1.6147,2.1807,2.1948,2.725,2.4362,2.6667,4.1992,3.4137,4.9142,18.7933,6.3037,15.9439,14.5403,16.7071,0.7997,0.5909,0.7952,0.7919,0.6764
N-succinyl-isoleucine,Amino Acid,"Leucine, Isoleucine and Valine Metabolism",,0.2654,0.2092,0.1418,0.4164,0.2502,0.1418,0.3549,0.4924,0.326,0.553,2.2039,3.1293,3.1687,4.0156,2.8311,2.1156,3.3458,3.8687,3.0471,0.1418,0.1418,0.1418,0.1418,0.1418
N-succinyl-leucine,Amino Acid,"Leucine, Isoleucine and Valine Metabolism",,0.1983,0.1711,0.1711,0.2102,0.175,0.1711,0.1957,0.3193,0.2505,0.2876,1.648,2.1058,2.4097,3.9302,1.9597,1.6385,2.569,2.5383,2.6077,0.1711,0.1711,0.1711,0.1711,0.1711
N-succinyl-phenylalanine,Amino Acid,Phenylalanine Metabolism,,0.1924,0.2082,0.1845,0.2762,0.1855,0.1845,0.2443,0.6143,0.4543,0.3827,2.7219,3.5334,2.9831,4.8645,3.2268,1.975,3.7586,3.5234,3.215,0.1845,0.1845,0.1845,0.1845,0.1845
N1-Methyl-2-pyridone-5-carboxamide,Cofactors and Vitamins,Nicotinate and Nicotinamide Metabolism,C05842,0.2514,0.2514,0.2514,0.2514,0.2514,0.2514,0.2514,0.2514,0.2514,0.2514,0.4716,0.2514,0.5919,0.473,0.2514,0.2514,0.2514,0.3394,0.2514,0.2514,0.2514,0.2514,0.2514,0.2514
N2-acetyllysine,Amino Acid,Lysine Metabolism,C12989,0.4281,0.1986,0.1986,0.389,0.2308,0.3183,0.5034,0.1986,0.1986,0.1986,0.4382,0.6838,1.3693,0.6433,2.4054,2.9038,2.4945,2.355,2.3073,2.0131,2.0348,1.7919,1.0332,1.3082
N6-acetyllysine,Amino Acid,Lysine Metabolism,C02727,0.0977,0.0977,0.0977,0.0989,0.0977,0.0977,0.1882,0.1221,0.2369,0.2447,1.4476,1.9368,3.7839,2.5886,5.9438,2.2801,6.8582,7.0851,5.8852,0.0977,0.0977,0.0977,0.0977,0.0977
N6-carboxymethyllysine,Carbohydrate,Advanced Glycation End-product,,0.204,0.2128,0.1404,0.2533,0.1404,0.1404,0.151,0.4978,0.4497,0.4316,1.5495,2.2636,3.8332,3.0095,5.9313,4.1524,6.5183,7.0917,5.5685,0.1404,0.1404,0.1404,0.1404,0.1404
N6-methyladenosine,Nucleotide,"Purine Metabolism, Adenine containing",,1.0722,1.1992,0.9278,0.7429,1.1949,0.7232,0.8969,1.8708,0.9208,1.2966,0.7232,0.7232,0.7232,0.7232,0.7232,0.7232,0.7232,0.7232,0.7232,0.7232,0.7232,0.7232,0.7232,0.7232
nicotinamide,Cofactors and Vitamins,Nicotinate and Nicotinamide Metabolism,C00153,0.9141,0.6757,0.5923,1.1341,0.8476,0.852,1.0676,1.2059,1.0685,1.1045,0.7348,1.0757,0.6425,1.2133,1.1461,1.1188,1.2251,1.2143,1.1021,0.9991,1.0149,1.0315,1.0173,0.9814
nicotinamide riboside,Cofactors and Vitamins,Nicotinate and Nicotinamide Metabolism,C03150,10.7292,11.3828,8.5114,11.4169,9.731,4.5303,7.8611,4.1191,3.0041,3.5938,2.7246,4.5755,1.7317,6.3445,1.1916,1.2847,1.5263,1.4913,1.8431,0.1232,0.1232,0.1232,0.1232,0.1232
nicotinate,Cofactors and Vitamins,Nicotinate and Nicotinamide Metabolism,C00253,5.8248,6.7192,5.0119,7.4115,4.5172,8.8651,8.784,14.8655,16.0603,12.7015,0.6283,0.7398,0.4656,0.9533,0.8873,0.9875,1.8244,1.5517,1.2254,0.1685,0.1685,0.1685,0.1685,0.1685
nicotinate ribonucleoside,Cofactors and Vitamins,Nicotinate and Nicotinamide Metabolism,C05841,3.4346,6.2322,2.2638,1.3669,2.8855,0.1984,0.1984,0.1984,0.1984,0.344,0.1984,0.1984,0.5895,0.1984,0.2836,0.1984,0.1984,0.1984,0.5303,0.1984,0.1984,0.1984,0.1984,0.1984
O-acetylhomoserine,Amino Acid,"Glycine, Serine and Threonine Metabolism",C01077,1.2042,2.0362,1.9026,3.832,2.3115,0.7428,0.8686,1.0025,0.2957,1.3724,4.838,2.5775,5.5731,12.0711,3.5098,2.4831,5.4946,7.6025,3.4984,0.1175,0.1175,0.1175,0.1175,0.1175
o-Tyrosine,Amino Acid,Tyrosine Metabolism,,0.2335,0.2324,0.1636,0.3528,0.302,0.2287,0.2148,0.3172,0.3093,0.5778,0.4781,0.5829,0.6221,0.5536,0.8032,0.3915,0.8374,0.6951,0.7063,0.1309,0.1626,0.1287,0.1521,0.2005
ornithine,Amino Acid,Urea cycle; Arginine and Proline Metabolism,C00077,18.4834,16.0968,13.5276,12.2192,23.4922,27.7241,27.8346,21.5626,14.6889,27.264,2.0029,3.221,1.8752,3.0773,1.2926,1.9516,1.4381,1.4561,1.4909,0.5868,0.5015,0.6018,1.1439,0.7597
orotate,Nucleotide,"Pyrimidine Metabolism, Orotate containing",C00295,1.355,0.8603,0.8637,1.5777,1.4209,0.9913,1.4652,1.5242,1.3108,1.4574,1.0087,2.3973,1.0432,1.4836,0.9521,0.7404,1.1415,1.0455,1.2291,0.1558,0.1558,0.1558,0.1558,0.1558
oxindolylalanine,Amino Acid,Tryptophan Metabolism,,0.5735,0.3718,0.3681,0.6221,0.4744,0.3066,0.3862,0.5625,0.4818,0.9887,0.3171,0.5191,0.3871,0.478,0.3516,0.4344,0.5953,0.4526,0.4428,0.4887,0.4271,0.4274,0.548,0.5187
p-aminobenzoate (PABA),Xenobiotics,Benzoate Metabolism,C00568,1.5614,0.7756,1.1166,3.2468,1.9876,1.6346,0.805,1.1855,0.3413,0.3413,1.6564,2.1992,1.4401,1.7355,2.857,1.0633,4.712,6.2027,4.4128,0.3413,0.3413,0.3413,0.3413,0.3413
pantoate,Cofactors and Vitamins,Pantothenate and CoA Metabolism,C00522,1.2451,1.348,0.958,1.1803,1.0347,0.76,0.4798,2.8455,2.8125,3.1519,2.1047,2.3233,2.839,3.4065,0.792,0.4417,1.0073,1.0724,0.6837,0.0685,0.076,0.0636,0.0798,0.0634
pantothenate (Vitamin B5),Cofactors and Vitamins,Pantothenate and CoA Metabolism,C00864,0.9085,0.6785,0.6606,1.1025,0.8371,0.8282,1.0905,1.1106,1.0426,1.1467,0.7079,1.0524,0.7505,1.0623,0.9791,1.1599,1.0238,1.0868,1.0236,1.1497,1.0465,1.0838,1.0885,1.1093
phenylacetate,Amino Acid,Phenylalanine Metabolism,C07086,0.2963,0.2963,0.2963,0.2963,0.2963,0.2963,0.2963,0.2963,0.2963,0.2963,0.6028,1,0.6521,0.4996,5.4915,3.0912,8.415,8.1058,7.5604,0.2963,0.2963,0.2963,0.2963,0.2963
phenylalanine,Amino Acid,Phenylalanine Metabolism,C00079,0.9414,0.7047,0.6972,1.0118,0.8876,0.8145,1.0233,1.0295,1,1.0557,0.8443,1.0721,0.7754,1.1787,0.983,1.1628,1.0769,1.0887,1.0789,1.1351,1.0124,1.0569,1.1601,1.1313
phenyllactate (PLA),Amino Acid,Phenylalanine Metabolism,C05607,0.086,0.086,0.086,0.086,0.086,0.086,0.086,0.086,0.086,0.086,1.9681,2.2421,1.8012,3.735,0.9185,0.1896,0.8023,1.2994,0.7106,0.086,0.086,0.086,0.086,0.086
phenylpyruvate,Amino Acid,Phenylalanine Metabolism,C00166,0.6621,0.5751,0.4913,0.65,0.4431,0.7703,0.9536,1.2102,0.9434,0.6484,2.4631,1.7523,2.576,3.5536,3.3467,2.1861,3.3639,3.2019,2.7384,0.1434,0.1492,0.1667,0.1544,0.13
phosphate,Energy,Oxidative Phosphorylation,C00009,3.6938,3.3975,5.5843,3.8571,4.0711,4.1887,2.6983,1.7489,2.5958,1.9772,2.0473,1.4949,2.2107,1.3874,0.9842,0.8872,1.1638,1.1903,1.0811,1.1477,1.0391,1.0179,0.998,1.0641
phosphoethanolamine (PE),Lipid,Phospholipid Metabolism,C00346,0.5593,0.3118,0.2517,0.8302,0.4738,0.7926,1.0169,1.1662,0.9253,0.9356,1.16,0.8215,1.4525,1.1554,1.7941,0.2517,2.2734,2.2263,0.9831,0.2517,0.2517,0.2517,0.2517,0.2517
pipecolate,Amino Acid,Lysine Metabolism,,0.9202,1.07,0.4211,1.7734,1.1428,0.9808,2.2821,1.9955,2.2209,1.4239,0.5705,1.1324,0.9813,1.2623,0.8862,1.6241,1.0187,1.232,1.1379,0.3534,0.3534,0.3534,0.3534,0.3534
prephenic acid,Amino Acid,Phenylalanine Metabolism,C00254,1.2675,0.8568,0.8131,0.4594,0.7935,0.2173,0.7348,0.5009,0.6816,0.4037,0.4113,1.5345,0.7454,0.6861,1.2296,1,1.8841,1.5799,1.6047,0.2173,0.2173,0.2173,0.2173,0.2173
prolylhydroxyproline,Amino Acid,Urea cycle; Arginine and Proline Metabolism,,1,0.7954,0.5585,1.314,2.4613,1.5055,0.2144,2.4248,2.6613,2.5935,0.7211,1.2858,0.9351,1.0893,0.8351,0.0637,0.8116,0.6929,1.2507,0.0637,0.0637,0.0637,0.0637,0.0637
proline,Amino Acid,Urea cycle; Arginine and Proline Metabolism,"C00148,C000763",10.0525,7.3148,7.0393,9.9141,11.3814,9.1753,9.7506,13.6108,13.3724,11.585,10.9834,16.9301,8.9054,14.8472,14.1076,9.7157,15.7994,16.1178,15.5816,0.07,0.093,0.0755,0.1254,0.126
pseudouridine,Nucleotide,"Pyrimidine Metabolism, Uracil containing",C02067,0.9235,1.0737,0.5873,0.859,0.9158,0.7045,0.9802,1.7036,1.4623,1.0198,1.8568,3.1396,1.6588,2.8478,1.6467,0.6997,1.9293,2.2247,1.3789,0.144,0.144,0.144,0.144,0.144
pyridoxal,Cofactors and Vitamins,Vitamin B6 Metabolism,C00250,1.1977,0.7884,0.807,0.4017,1.1066,0.3689,0.504,0.545,1.5854,0.6135,0.7753,1.4376,0.7797,1.4133,0.2045,0.6727,1,1.0341,0.9229,0.1897,0.1634,0.1723,0.1974,0.1892
pyridoxamine,Cofactors and Vitamins,Vitamin B6 Metabolism,C00534,1.0434,0.6489,0.7244,0.7211,1.0524,0.5997,0.7818,0.7688,1.1204,0.8093,0.5216,0.8778,0.5519,0.8479,0.2861,0.5838,0.5541,0.6436,0.5361,0.6638,0.5962,0.5895,0.7103,0.6454
pyridoxate,Cofactors and Vitamins,Vitamin B6 Metabolism,C00847,4.285,2.0956,2.6898,7.3026,3.9069,5.4568,6.6506,8.3599,5.7106,9.5614,14.0655,25.3623,13.9253,25.7756,30.9002,11.1425,24.4241,27.1437,23.6653,1.9196,1.5341,1.7143,1.7056,1.6878
pyruvate,Carbohydrate,"Glycolysis, Gluconeogenesis, and Pyruvate Metabolism",C00022,0.0933,0.0472,0.0472,0.0472,0.0472,0.0472,0.0472,0.0818,0.0664,0.0472,0.3212,0.3603,0.5888,0.4633,1.6797,2.2745,1.3531,0.8754,1.1168,0.0472,0.0472,0.0472,0.0472,0.0472
quinate,Xenobiotics,Food Component/Plant,C00296,1.6466,1.6342,1.761,1.903,1.9879,0.1497,0.9941,0.1497,1.3833,1.7859,0.1497,0.1497,0.1497,0.1497,0.1497,0.1497,0.1497,0.1497,0.1497,0.1497,0.1497,0.1497,0.1497,3.3078
ribitol,Carbohydrate,Pentose Metabolism,"C00532,C01904,C00474,C00379",0.386,0.386,0.386,0.386,0.386,0.386,0.386,0.386,0.386,0.386,0.386,0.9466,0.386,0.8236,2.1522,1.0625,3.1949,3.1429,2.4032,0.386,0.386,0.386,0.386,0.386
riboflavin (Vitamin B2),Cofactors and Vitamins,Riboflavin Metabolism,C00255,0.432,0.432,0.432,0.432,0.432,0.432,0.432,0.432,0.432,0.432,1.6884,2.6246,0.432,2.8193,0.4547,0.432,0.8094,0.432,0.432,0.432,0.432,0.432,0.432,0.432
ribonate,Carbohydrate,Pentose Metabolism,C01685,0.9952,0.4692,0.5798,1.171,0.7214,1.304,1.484,1.8994,1.6297,1.9209,3.6065,6.3819,3.3826,7.4459,7.931,1.0129,6.9165,7.5972,4.6804,0.1158,1.3032,0.1158,0.1158,0.1158
ribose,Carbohydrate,Pentose Metabolism,C00121,2.1326,1.9478,2.2164,1.1146,2.1494,0.2974,0.2974,0.871,1,0.2974,0.2974,0.2974,0.2974,0.2974,0.2974,0.2974,0.4121,0.2974,0.2974,0.2974,0.2974,0.2974,0.2974,0.2974
ribulose/xylulose,Carbohydrate,Pentose Metabolism,,0.1221,0.1221,0.1221,0.1221,0.1221,0.1221,0.1221,0.1221,0.1221,0.1221,0.3835,1.0031,0.5744,0.9969,0.437,0.1221,1.36,1.5582,1.5014,0.1221,0.1221,0.1221,0.1221,0.1221
S-1-pyrroline-5-carboxylate,Amino Acid,Glutamate Metabolism,C04322,0.114,0.114,0.114,0.114,0.114,0.114,0.114,0.114,0.114,0.4007,0.114,0.5856,0.114,0.8417,0.496,0.114,0.4553,0.114,0.114,0.1913,0.1893,0.114,0.114,0.114
S-adenosylhomocysteine (SAH),Amino Acid,"Methionine, Cysteine, SAM and Taurine Metabolism",C00021,0.3725,0.3725,0.3725,0.3725,0.3725,0.3725,0.3725,0.3725,0.3725,0.3725,1.6283,2.6578,0.8448,2.7639,1.3535,0.4695,1.7353,1.9678,0.9372,0.3725,0.3725,0.3725,0.3725,0.3725
S-carboxyethylcysteine,Amino Acid,"Methionine, Cysteine, SAM and Taurine Metabolism",,0.5799,0.4658,0.3197,1.0416,1.1199,0.5788,0.3852,0.9565,1.1559,1.1149,0.8261,1.4399,1.4441,1.6096,1.135,0.2796,0.9541,0.8499,1.8238,0.2796,0.2796,0.2796,0.2796,0.2796
S-carboxymethyl-L-cysteine,Xenobiotics,Drug - Other,C03727,0.1303,0.1303,0.1303,0.1303,0.1303,0.1303,0.1303,0.1303,0.1303,0.1303,0.1303,0.1303,0.1303,0.1303,0.1303,0.1303,0.1303,0.1303,0.1303,0.1303,0.1303,0.1303,0.1303,0.1303
salicylate,Xenobiotics,Drug - Topical Agents,C00805,0.6887,0.3745,0.3745,0.3745,0.3745,0.3745,0.7938,1.0063,0.9937,0.3745,0.3745,1.1898,1.1001,1.0651,1.2326,0.7597,1.1975,1.081,1.0612,0.3745,0.3745,0.3745,1.1409,0.6779
sedoheptulose,Carbohydrate,Pentose Metabolism,C02076,1.7529,1.26,1.2474,1.638,1.2912,1.6071,1.0978,2.0298,1.7148,1.5659,1.984,3.3744,2.1361,3.0937,1.5816,1.0279,2.0254,1.8711,1.7394,0.3577,0.3577,0.3577,0.3577,0.3577
serine,Amino Acid,"Glycine, Serine and Threonine Metabolism",C00065,1.1006,1.4223,2.3995,0.5442,2.0762,1.7099,2.3724,0.6998,0.8538,0.818,2.001,2.7451,2.9453,2.5916,4.8372,5.4776,4.3044,3.7157,4.9166,0.1447,0.3373,0.1375,0.3068,0.165
spermidine,Amino Acid,Polyamine Metabolism,C00315,1.8819,8.2916,3.151,1.4098,2.3312,1.5973,1.4372,2.2097,2.9823,1.2038,0.5613,1.1675,0.2875,0.5947,2.829,0.2427,3.7862,4.1614,2.451,0.0782,0.0782,0.0782,0.0782,0.0782
succinate,Energy,TCA Cycle,C00042,1.6882,1.8721,1.3723,1.9021,1.5576,1.3045,1.4291,2.6148,2.371,2.4205,1.6677,2.101,1.9654,2.3655,0.9704,0.7078,1.113,1.1545,0.9082,0.0024,0.0018,0.0033,0.002,0.002
succinylglutamine,Amino Acid,Glutamate Metabolism,,0.4989,0.4776,0.2357,0.6654,0.3833,0.3565,0.4658,1,0.779,0.9903,4.6227,4.4716,4.8857,6.9771,2.8505,2.6434,3.5853,3.2826,3.1854,0.0335,0.0335,0.0335,0.0335,0.0335
sulfate*,Xenobiotics,Chemical,C00059,0.8559,0.6476,0.6047,0.9227,0.766,0.7517,0.9838,0.9959,0.9894,0.9802,0.6934,0.9435,0.701,1.0677,1.0126,1.0804,1.0112,1.018,1.0387,1.1489,1.0944,1.0581,1.1194,1.1128
taurine,Amino Acid,"Methionine, Cysteine, SAM and Taurine Metabolism",C00245,0.4852,0.4852,0.4852,0.4852,1.2631,0.4852,0.7021,0.6728,0.4852,0.5885,1.3809,1.4636,1.2912,1.4348,1.0568,0.4852,0.4852,0.547,0.9432,0.4852,0.4852,0.4852,0.4852,0.4852
thiamin (Vitamin B1),Cofactors and Vitamins,Thiamine Metabolism,"DG00125,C00378,D08580",0.6264,0.384,0.4102,0.3797,0.5647,0.3551,0.6787,0.3616,0.8482,0.3503,0.1465,0.2204,0.0683,0.2363,0.0105,0.1003,0.0866,0.0496,0.0556,0.0455,0.0262,0.0513,0.053,0.0575
thioproline,Xenobiotics,Chemical,,0.6761,0.4599,0.3878,1,0.6517,0.1625,0.3497,1.0688,0.822,0.9082,0.393,0.8519,0.2374,0.5385,0.0429,0.0526,0.0534,0.0766,0.0554,0.0246,0.0211,0.0341,0.0379,0.0276
threonate,Cofactors and Vitamins,Ascorbate and Aldarate Metabolism,C01620,0.1598,0.4862,1.0127,1.0502,0.8493,0.1598,0.1598,0.1598,0.8682,1.9447,1.5625,0.1598,0.9873,1.077,1.3153,0.1598,0.444,1.3993,1.3536,0.1598,0.1598,0.1598,0.1598,0.1598
threonine,Amino Acid,"Glycine, Serine and Threonine Metabolism",C00188,0.2902,0.1185,0.2224,0.1718,0.3537,0.245,0.3329,0.024,0.0808,0.0572,0.6867,0.8979,0.5835,1.0252,1.09,1.3329,1.1969,1.3015,1.165,1.2977,1.1479,1.2249,1.357,1.2927
thymidine,Nucleotide,"Pyrimidine Metabolism, Thymine containing",C00214,1.7248,1.8525,0.9719,1.1037,1.0218,0.3635,0.8768,0.5404,0.7828,1.1076,1.2116,0.3635,1.5626,1.0562,3.0097,1.5675,3.0654,2.6064,3.07,0.3635,0.3635,0.3635,0.3635,0.3635
thymine,Nucleotide,"Pyrimidine Metabolism, Thymine containing",C00178,8.9135,9.153,5.8044,6.7358,7.8119,4.4096,5.175,5.9314,5.7136,5.4444,7.4562,11.8574,10.1303,11.6656,8.279,2.7364,9.8871,10.4265,7.1039,0.1396,0.1396,0.1396,0.1396,0.1396
hydroxyproline,Amino Acid,Urea cycle; Arginine and Proline Metabolism,C01157,1.9214,1.4216,1,1.7727,4.5763,2.6778,0.4983,2.8645,3.4756,3.3575,8.1252,13.1536,8.1989,11.681,6.93,0.5252,6.1939,5.3079,9.5843,0.0198,0.0198,0.0198,0.0198,0.0198
trans-urocanate,Amino Acid,Histidine Metabolism,C00785,2.6884,2.6611,2.076,2.6618,2.194,3.3161,2.9313,3.1606,3.6111,3.5448,4.5225,3.0097,6.113,8.5597,4.7477,1.2599,4.6618,5.4355,1.8611,0.5802,1.2264,0.5437,1.0282,0.4257
tricarballylate,Energy,TCA Cycle,C19806,0.4502,0.7627,0.7209,0.5805,0.6022,0.4499,0.5737,0.711,0.9851,0.7553,1.1168,3.0626,1.9402,2.6471,0.3142,0.6072,1.6683,1.7685,1.2871,0.3142,0.3142,0.3142,0.3142,0.3546
tryptophan,Amino Acid,Tryptophan Metabolism,C00078,0.9411,0.6648,0.6651,0.865,0.8858,0.6724,0.8904,0.9078,1.0092,0.9523,0.7383,1.0809,0.7378,1.1694,0.7592,1.0334,1.0636,1.081,0.9797,1.0607,0.9696,0.9578,1.0988,0.9937
tyrosine,Amino Acid,Tyrosine Metabolism,C00082,0.9051,0.6464,0.6794,0.8943,0.9352,0.7764,0.9038,0.962,0.9452,0.9148,0.9745,1.0447,0.684,1.1973,1.033,1.1116,1.1867,1.0774,1.0389,1.0897,1.0421,1.0372,1.1187,1.0961
tyrosol,Amino Acid,Tyrosine Metabolism,C06044,0.2023,0.2023,0.2023,0.2023,0.2023,0.2023,0.2023,0.2023,0.2023,0.2023,2.3549,2.5908,1.2709,4.0284,1.4871,0.4833,2.2409,3.1159,1.9608,0.2023,0.2023,0.2023,0.2023,0.2023
uracil,Nucleotide,"Pyrimidine Metabolism, Uracil containing",C00106,1.3309,1.8776,1.1488,2.0323,1.2531,1.6851,2.7598,4.0383,2.6856,2.4388,1.2047,1.4829,0.8191,1.8395,0.9925,0.0481,1.0117,1,0.6334,0.0212,0.0212,0.0212,0.0212,0.0212
uridine,Nucleotide,"Pyrimidine Metabolism, Uracil containing",C00299,2.942,0.9681,1.4672,2.0182,2.2114,2.2259,4.4416,1.6931,1.2563,1.9352,0.5146,0.7134,0.4126,0.4616,7.9116,3.757,8.0969,9.3003,7.8179,0.1339,0.1339,0.1339,0.1339,0.1339
valine,Amino Acid,"Leucine, Isoleucine and Valine Metabolism",C00183,0.9204,0.6519,0.5939,1.0126,0.8696,0.7106,1.0275,1.1414,1.1332,1.1332,0.7084,1.0417,0.7205,1.1255,1.0035,1.1641,1.0479,1.1367,1.0982,1.1198,0.9777,1.019,1.1447,1.0657
xanthine,Nucleotide,"Purine Metabolism, (Hypo)Xanthine/Inosine containing",C00385,127.5781,186.5378,117.9125,163.7218,116.1743,137.1183,138.7322,249.5383,222.2489,183.4663,150.1268,188.3184,144.8264,225.1841,103.4383,25.1908,111.7984,128.2542,72.5299,0.0979,0.0979,0.0979,0.0979,0.0979
xanthosine,Nucleotide,"Purine Metabolism, (Hypo)Xanthine/Inosine containing",C01762,0.7917,1.6472,0.712,0.8306,0.7253,1.7387,3.2556,2.5268,1.651,1.489,1.1695,1.5922,2.2647,2.218,3.107,0.3743,2.3696,0.3743,0.3743,0.3743,0.3743,0.3743,0.3743,0.3743
X - 11612,,,,0.5559,0.5467,0.3995,0.677,0.6674,1.4205,2.4297,1.4912,1.0287,1.1403,0.3995,0.8714,0.3995,0.3995,2.0463,0.3995,2.0097,2.4743,0.9713,0.3995,0.3995,0.3995,0.3995,0.3995
X - 11795,,,,0.3514,0.9339,0.5449,1.0908,1.8719,0.2858,0.1667,2.4423,0.2038,2.2858,0.8841,2.7123,0.2771,2.0373,0.2303,0.1837,0.1243,0.2568,0.1243,0.1243,0.1243,0.1243,0.1243,0.1243
X - 12100,,,,1.6517,1.1841,1.0439,2.7199,1.5449,1.9804,2.0576,2.6762,1.8548,3.0239,1.41,0.9605,1.4795,1.7126,2.3068,1.8574,1.8071,2.2521,1.872,2.0661,1.8338,1.8845,2.1274,2.0952
X - 12462,,,,0.0431,0.0271,0.0288,0.0563,0.0653,0.0007,0.0007,0.019,0.025,0.0389,0.0339,0.0638,0.0265,0.0712,0.0007,0.0029,0.0022,0.0026,0.0022,0.0018,0.0007,0.0007,0.0053,0.0037
X - 12680,,,,0.0536,0.0479,0.0458,0.0813,0.0584,0.0458,0.0877,0.1439,0.2272,0.1887,1.8036,2.2474,3.8452,3.3737,16.8394,19.6304,16.4899,18.23,22.2765,0.0458,0.0458,0.0458,0.0458,0.0458
X - 14056,,,,0.047,0.0439,0.0447,0.0172,0.0809,0.0126,0.0162,0.0237,0.0453,0.0132,0.0637,0.0981,0.0793,0.1109,0.0964,0.0914,0.0785,0.0916,0.1008,0.0008,0.0014,0.0009,0.0008,0.0008
X - 14351,,,,0.5061,0.5061,0.5061,0.5061,0.6131,0.5061,2.3124,0.5061,0.5061,0.5061,0.6505,1.1891,0.7991,1.2831,1.0149,1.3845,0.7283,0.534,1,0.5061,0.5061,0.5061,0.5061,0.5061
X - 15136,,,,1.9231,1.2006,1.2304,2.0827,1.536,1.4278,1.7509,2.1038,1.9425,2.1117,1.4673,1.9329,1.7946,2.87,1.9953,2.0197,2.3158,2.8569,2.2955,1.872,1.3552,1.5074,2.1498,1.7034
X - 15161,,,,0.494,0.4002,0.2708,0.8229,0.6166,0.0213,0.029,0.7761,0.7456,1.4596,4.0997,5.9931,1.9396,6.6847,0.2097,0.1021,0.2106,0.2763,0.1484,0.0213,0.0213,0.0213,0.0213,0.0213
X - 16060,,,,1.1855,1.1709,0.8498,1.2952,1.3838,1.0627,1.0157,0.7036,0.8969,1.606,0.9426,1.5028,1.3232,1.7247,1.3138,1.919,0.7587,1.9259,1.2309,1.4638,1.0781,1.6316,1.6376,1.6287
X - 18887,,,,0.4389,0.2529,0.2466,0.7292,1.5583,0.4288,0.2802,0.5956,1,0.8195,2.154,4.4456,2.3842,3.6265,2.9164,0.2466,2.0801,1.6919,3.6799,0.2466,0.2466,0.2466,0.2466,0.2466
X - 21286,,,,0.7426,0.4585,0.7972,2.3635,0.7396,1.3145,1.3784,2.0837,0.9288,2.4143,0.4233,0.2168,0.738,0.8745,2.1592,1.5872,0.6266,0.2168,0.2168,3.0017,2.8066,2.3472,2.731,2.3984
X - 21796,,,,0.0291,0.0291,0.0291,0.0291,0.0291,0.0291,0.0291,0.0291,0.0291,0.0291,0.0291,0.0294,0.0455,0.0291,0.0291,0.0291,0.0291,0.0291,0.0291,0.0291,0.0291,0.0291,0.0291,0.0291
X - 23481,,,,3.2248,2.3458,2.3675,13.4603,3.1758,9.1059,9.9764,12.5497,4.0549,11.8306,3.0689,1.0342,2.8417,3.4115,14.0949,5.9321,4.9457,5.7655,5.9385,13.1527,11.882,12.6574,11.7815,12.5433
X - 23775,,,,0.4743,0.3653,0.2938,0.4335,0.8139,0.5242,2.9987,1.4001,1.4359,1.2589,0.8246,1.1754,1.6619,1.4144,1.2985,2.3903,0.4127,0.7805,1.5253,0.2926,0.2926,0.2926,0.2926,0.2926
X - 24089,,,,1.6685,1.1359,0.9791,3.0057,1.8477,2.3702,1.5932,3.3549,2.2814,3.4117,1.1587,1.56,1.3227,1.9624,3.0309,2.7637,1.5145,1.9974,1.9954,4.4887,4.105,4.3984,4.5559,4.245
X - 24425,,,,0.9775,0.6571,0.6473,1.9271,0.9543,1.1309,1.4193,2.01,1.0714,1.8772,1.3188,1.3379,1.605,1.7399,3.0647,1.6363,2.8497,2.9664,2.3676,1.5263,1.3205,1.4825,1.5132,1.5411
X - 24456,,,,1.4196,0.9478,0.914,2.9072,1.568,1.9538,1.1706,2.7128,1.6739,3.6317,0.9456,1.0172,1.2754,1.2764,2.0932,2.2705,1.5921,1.8036,1.4729,3.314,2.8903,3.5939,3.5787,3.5389
X - 24573,,,,2.3618,2.2058,1.5618,3.6834,2.3892,4.4195,4.386,5.2415,3.3118,5.9157,1.0673,0.3859,0.7342,0.912,7.9785,4.1055,4.5521,5.1688,5.0849,5.7858,5.3062,4.9966,5.2297,5.6458
X - 24608,,,,7.8073,4.774,5.1421,10.0768,6.7861,2.4452,3.6562,2.9445,7.6589,3.5617,4.6963,0.9423,4.8451,5.7868,3.7311,2.7558,10.7133,10.7232,9.6747,0.7024,0.7059,0.5575,0.7227,0.5344
X - 24973,,,,0.03,0.03,0.03,0.03,0.03,0.03,0.03,0.03,0.0472,0.03,1.3548,1.461,3.0638,2.2798,3.4767,5.0943,4.3373,4.6546,3.7784,0.03,0.03,0.03,0.03,0.03
X - 25004,,,,0.1533,0.1533,0.1533,0.1533,0.1533,0.1533,0.1533,0.1533,0.3378,0.1533,0.524,0.7111,0.2829,0.6565,0.1533,0.1533,0.1533,0.1533,0.1533,0.1533,0.1533,0.1533,0.1533,0.1533
X - 25009,,,,0.3322,0.4565,0.3796,0.1502,0.2889,0.0388,0.0409,0.4571,0.7651,0.6104,1,1.4241,0.8712,1.5075,1.2809,1.0555,1.4276,1.548,1.3122,0.0075,0.0075,0.0075,0.0075,0.0075
X - 25026,,,,0.0181,0.0595,0.0467,0.0083,0.0209,0.0035,0.0035,0.0314,0.0671,0.0644,0.0934,0.2511,0.1655,0.1995,0.1197,0.2052,0.1584,0.1679,0.1758,0.0035,0.0035,0.0035,0.0035,0.0035
X - 25081,,,,0.7115,0.4639,0.2972,0.822,1.5987,0.6818,0.2069,0.9808,0.9262,1.2104,1.1912,1.7528,1.6224,1.7151,1.0932,0.2069,0.9791,1.0192,1.8128,0.2069,0.2069,0.2069,0.2069,0.2069
X - 25095,,,,0.1185,0.1185,0.1185,0.1185,0.1185,0.1185,0.1185,0.1185,0.1185,0.1185,0.5337,0.5414,1.1347,0.8653,1.2023,1.7842,1.5736,1.8336,1.9053,0.1185,0.1185,0.1185,0.1185,0.1185
X - 25096,,,,0.1046,0.1046,0.1046,0.1046,0.1046,0.1046,0.1046,0.1046,0.1046,0.1046,0.8443,1,1.7142,1.4623,2.498,3.8506,3.0735,3.3832,4.1687,0.1046,0.1046,0.1046,0.1046,0.1046
X - 25100,,,,0.232,0.232,0.232,0.232,0.232,0.232,0.232,0.232,0.232,0.232,1,0.6744,1.8685,1.1545,3.9504,4.8216,3.6272,3.0771,3.5336,0.232,0.232,0.232,0.232,0.232
X - 25102,,,,0.1243,0.1243,0.1243,0.1243,0.1243,0.1243,0.1243,0.374,0.4524,0.5379,0.49,1.1564,0.6242,1.1323,0.186,0.1243,0.3009,0.2827,0.1327,0.1243,0.1243,0.1243,0.1243,0.1243
X - 25103,,,,0.4346,0.414,0.4627,0.7208,1.2029,0.5055,0.8636,0.8888,1.234,1.0411,1,1.6087,1.2313,1.5722,1.3978,0.414,1.0221,0.9308,1.7113,0.414,0.414,0.414,0.414,0.414
X - 25109,,,,0.7826,0.602,0.4854,0.771,0.83,0.3171,0.4551,0.7288,0.7154,0.8009,1.1611,2.1164,0.335,2.0034,0.06,0.0173,0.0703,0.0878,0.0506,0.0173,0.0173,0.0173,0.0173,0.0173
X - 25164,,,,7.7541,2.7431,3.9441,15.3439,7.9937,2.4851,3.2198,7.0587,7.6187,7.3193,0.4987,1.7272,0.1895,0.8977,0.0329,0.0329,0.0329,0.0329,0.0329,0.0329,0.0329,0.0329,0.0329,0.0329
X - 25180,,,,0.0085,0.0246,0.0388,0.0085,0.0085,0.0085,0.0085,0.0085,0.0085,0.0085,0.0918,0.0536,0.0922,0.1004,0.0765,0.0085,0.1572,0.1123,0.0455,0.0085,0.0085,0.0085,0.0085,0.0085
X - 25343,,,,0.0573,0.0573,0.0573,0.0573,0.0573,0.0573,0.1182,0.0573,0.0573,0.1694,0.7149,0.5969,1.2896,1.1638,3.9641,5.8593,3.2017,3.6756,4.2624,0.0573,0.0573,0.0573,0.0573,0.0573
X - 25546,,,,0.0217,0.0217,0.0217,0.0261,0.0217,0.0217,0.028,0.0217,0.0217,0.0217,0.9946,0.8546,1.4625,1.0054,2.1464,4.0874,1.5125,1.752,1.4424,0.0217,0.0217,0.0217,0.0217,0.0217
X - 25856,,,,0.0871,0.0871,0.0871,0.0871,0.0871,0.0871,0.0871,0.0871,0.0871,0.0871,0.1405,0.3277,0.2314,0.3689,0.718,0.7376,0.7811,0.8602,0.9579,0.0871,0.0871,0.0871,0.0871,0.0871
X - 25936,,,,0.1021,0.0959,0.068,0.0589,0.072,0.0562,0.0651,0.1691,0.1603,0.1536,0.6279,0.6253,1.7731,1.0867,2.6437,1.9329,3.1385,3.0728,2.8774,0.0046,0.0046,0.0135,0.0046,0.0046
X - 25948,,,,0.1274,0.1274,0.1274,0.1274,0.1274,0.1274,0.1274,0.1274,0.1274,0.1274,2.9384,3.6961,3.9248,3.9184,4.5333,1.8486,4.3326,5.373,4.1182,0.1274,0.1274,0.1274,0.1274,0.1274
X - 25950,,,,13.3399,17.5887,14.1222,10.7693,15.27,20.2443,8.4137,16.7444,11.7156,13.4822,1.5559,4.4115,1.8423,1.628,0.6029,0.2192,0.7762,0.89,0.4371,0.1599,0.1599,0.1599,0.1599,0.1599
X - 25957,,,,2.9824,1.8819,2.0782,2.9246,2.373,2.0056,3.0637,3.6994,2.3009,2.6243,1.879,1.8696,1.3506,2.172,1.95,2.4223,1.8153,2.0387,1.6081,2.044,1.8855,2.8682,1.6054,2.2
X - 26064,,,,1.5689,1.3054,1.2158,2.0808,1.4606,1.6257,1.9183,2.3464,2.3237,3.0055,2.5623,3.8246,4.8058,4.199,19.4916,6.2461,15.3207,19.3328,15.5094,0.9308,0.846,0.8228,0.9479,0.9512
X - 26073,,,,1.3246,1.2851,1.1141,1.8648,1.4226,1.9007,2.204,1.9705,1.6185,2.9876,2.0784,2.7075,4.5103,2.401,13.2071,4.2844,10.9922,15.0052,10.7697,0.3347,0.4356,0.4265,0.1169,0.4562
X - 26076,,,,1.6317,1.683,1.3041,1.5833,1.1812,1.2713,1.7261,2.4238,1.9552,2.8656,1.8646,2.0462,3.9451,3.4729,12.0636,5.2277,13.5987,14.1353,13.0315,0.9421,0.8265,0.9202,0.7932,0.8956
X - 26086,,,,1.6491,1.2579,0.989,2.4411,1.3882,1.7667,1.8706,2.7447,2.2784,3.6516,2.7806,4.6419,5.9385,4.2323,13.3282,5.4294,14.0736,16.7231,12.6983,1.032,0.8399,0.9757,0.9128,0.8534
X - 26087,,,,0.6291,0.7141,0.8051,1.2096,0.9702,0.9643,1.621,1.9395,1.8284,2.0542,2.1606,3.5949,3.3947,4.51,27.5981,10.6368,23.8701,22.8637,27.0589,0.6903,0.69,0.9112,0.9164,0.9252